id,dut,categories,test,description,inputs,result,messages
1,leaf1,BGP,VerifyBGPSpecificPeers,Verifies the health of specific BGP peer(s) for given address families.,BGP EVPN Peer: spine1 (IP: 10.255.0.1),PASS,
2,leaf1,BGP,VerifyBGPSpecificPeers,Verifies the health of specific BGP peer(s) for given address families.,BGP EVPN Peer: spine2 (IP: 10.255.0.2),PASS,
3,leaf1,BGP,VerifyBGPSpecificPeers,Verifies the health of specific BGP peer(s) for given address families.,BGP IPv4 Unicast Peer: leaf2 (IP: 10.255.1.97),PASS,
4,leaf1,BGP,VerifyBGPSpecificPeers,Verifies the health of specific BGP peer(s) for given address families.,BGP IPv4 Unicast Peer: spine1 (IP: 10.255.255.0),PASS,
5,leaf1,BGP,VerifyBGPSpecificPeers,Verifies the health of specific BGP peer(s) for given address families.,BGP IPv4 Unicast Peer: spine2 (IP: 10.255.255.2),PASS,
6,leaf1,Connectivity,VerifyLLDPNeighbors,Verifies the connection status of the specified LLDP (Link Layer Discovery Protocol) neighbors.,Local: Ethernet10 - Remote: spine1 Ethernet3,PASS,
7,leaf1,Connectivity,VerifyLLDPNeighbors,Verifies the connection status of the specified LLDP (Link Layer Discovery Protocol) neighbors.,Local: Ethernet11 - Remote: spine2 Ethernet3,PASS,
8,leaf1,Connectivity,VerifyLLDPNeighbors,Verifies the connection status of the specified LLDP (Link Layer Discovery Protocol) neighbors.,Local: Ethernet8 - Remote: leaf2 Ethernet8,PASS,
9,leaf1,Connectivity,VerifyLLDPNeighbors,Verifies the connection status of the specified LLDP (Link Layer Discovery Protocol) neighbors.,Local: Ethernet9 - Remote: leaf2 Ethernet9,PASS,
10,leaf1,Connectivity,VerifyReachability,Test network reachability to one or many destination IP(s).,Source: Loopback0 (IP: 10.255.0.3) - Destination: leaf1 Loopback0 (IP: 10.255.0.3),PASS,
11,leaf1,Connectivity,VerifyReachability,Test network reachability to one or many destination IP(s).,Source: Loopback0 (IP: 10.255.0.3) - Destination: leaf2 Loopback0 (IP: 10.255.0.4),PASS,
12,leaf1,Connectivity,VerifyReachability,Test network reachability to one or many destination IP(s).,Source: Loopback0 (IP: 10.255.0.3) - Destination: leaf3 Loopback0 (IP: 10.255.0.5),PASS,
13,leaf1,Connectivity,VerifyReachability,Test network reachability to one or many destination IP(s).,Source: Loopback0 (IP: 10.255.0.3) - Destination: leaf4 Loopback0 (IP: 10.255.0.6),PASS,
14,leaf1,Connectivity,VerifyReachability,Test network reachability to one or many destination IP(s).,Source: Loopback0 (IP: 10.255.0.3) - Destination: spine1 Loopback0 (IP: 10.255.0.1),PASS,
15,leaf1,Connectivity,VerifyReachability,Test network reachability to one or many destination IP(s).,Source: Loopback0 (IP: 10.255.0.3) - Destination: spine2 Loopback0 (IP: 10.255.0.2),PASS,
16,leaf1,Connectivity,VerifyReachability,Test network reachability to one or many destination IP(s).,Source: P2P Interface Ethernet10 (IP: 10.255.255.1) - Destination: spine1 Ethernet3 (IP: 10.255.255.0),PASS,
17,leaf1,Connectivity,VerifyReachability,Test network reachability to one or many destination IP(s).,Source: P2P Interface Ethernet11 (IP: 10.255.255.3) - Destination: spine2 Ethernet3 (IP: 10.255.255.2),PASS,
18,leaf1,Hardware,VerifyEnvironmentCooling,Verifies the status of power supply fans and all fan trays.,Accepted States: 'ok',SKIPPED,VerifyEnvironmentCooling test is not supported on cEOSLab
19,leaf1,Hardware,VerifyEnvironmentPower,Verifies the power supplies state and input voltage.,Accepted States: 'ok',SKIPPED,VerifyEnvironmentPower test is not supported on cEOSLab
20,leaf1,Hardware,VerifyTemperature,Verifies if the device temperature is within acceptable limits.,,SKIPPED,VerifyTemperature test is not supported on cEOSLab
21,leaf1,Hardware,VerifyTransceiversManufacturers,Verifies if all the transceivers come from approved manufacturers.,"Accepted Manufacturers: 'Arista Networks', 'Arastra, Inc.', 'Not Present'",SKIPPED,VerifyTransceiversManufacturers test is not supported on cEOSLab
22,leaf1,Interfaces,VerifyInterfacesStatus,Verifies the operational states of specified interfaces to ensure they match expected configurations.,Interface Ethernet10 - P2P_spine1_Ethernet3 = 'up',PASS,
23,leaf1,Interfaces,VerifyInterfacesStatus,Verifies the operational states of specified interfaces to ensure they match expected configurations.,Interface Ethernet11 - P2P_spine2_Ethernet3 = 'up',PASS,
24,leaf1,Interfaces,VerifyInterfacesStatus,Verifies the operational states of specified interfaces to ensure they match expected configurations.,Interface Ethernet2 - SERVER_leaf1-2-server1_PCI1 = 'up',PASS,
25,leaf1,Interfaces,VerifyInterfacesStatus,Verifies the operational states of specified interfaces to ensure they match expected configurations.,Interface Ethernet8 - MLAG_leaf2_Ethernet8 = 'up',PASS,
26,leaf1,Interfaces,VerifyInterfacesStatus,Verifies the operational states of specified interfaces to ensure they match expected configurations.,Interface Ethernet9 - MLAG_leaf2_Ethernet9 = 'up',PASS,
27,leaf1,Interfaces,VerifyInterfacesStatus,Verifies the operational states of specified interfaces to ensure they match expected configurations.,Interface Loopback0 - ROUTER_ID = 'up',PASS,
28,leaf1,Interfaces,VerifyInterfacesStatus,Verifies the operational states of specified interfaces to ensure they match expected configurations.,Interface Loopback1 - VXLAN_TUNNEL_SOURCE = 'up',PASS,
29,leaf1,Interfaces,VerifyInterfacesStatus,Verifies the operational states of specified interfaces to ensure they match expected configurations.,Interface Loopback10 - DIAG_VRF_VRF10 = 'up',PASS,
30,leaf1,Interfaces,VerifyInterfacesStatus,Verifies the operational states of specified interfaces to ensure they match expected configurations.,Interface Loopback11 - DIAG_VRF_VRF11 = 'up',PASS,
31,leaf1,Interfaces,VerifyInterfacesStatus,Verifies the operational states of specified interfaces to ensure they match expected configurations.,Interface Port-Channel2 - SERVER_leaf1-2-server1_Bond1 = 'up',PASS,
32,leaf1,Interfaces,VerifyInterfacesStatus,Verifies the operational states of specified interfaces to ensure they match expected configurations.,Interface Port-Channel8 - MLAG_leaf2_Port-Channel8 = 'up',PASS,
33,leaf1,Interfaces,VerifyInterfacesStatus,Verifies the operational states of specified interfaces to ensure they match expected configurations.,Interface Vlan11 - VRF10_VLAN11 = 'up',PASS,
34,leaf1,Interfaces,VerifyInterfacesStatus,Verifies the operational states of specified interfaces to ensure they match expected configurations.,Interface Vlan12 - VRF10_VLAN12 = 'up',PASS,
35,leaf1,Interfaces,VerifyInterfacesStatus,Verifies the operational states of specified interfaces to ensure they match expected configurations.,Interface Vlan21 - VRF11_VLAN21 = 'up',PASS,
36,leaf1,Interfaces,VerifyInterfacesStatus,Verifies the operational states of specified interfaces to ensure they match expected configurations.,Interface Vlan22 - VRF11_VLAN22 = 'up',PASS,
37,leaf1,Interfaces,VerifyInterfacesStatus,Verifies the operational states of specified interfaces to ensure they match expected configurations.,Interface Vlan3009 - MLAG_L3_VRF_VRF10 = 'up',PASS,
38,leaf1,Interfaces,VerifyInterfacesStatus,Verifies the operational states of specified interfaces to ensure they match expected configurations.,Interface Vlan3010 - MLAG_L3_VRF_VRF11 = 'up',PASS,
39,leaf1,Interfaces,VerifyInterfacesStatus,Verifies the operational states of specified interfaces to ensure they match expected configurations.,Interface Vlan4093 - MLAG_L3 = 'up',PASS,
40,leaf1,Interfaces,VerifyInterfacesStatus,Verifies the operational states of specified interfaces to ensure they match expected configurations.,Interface Vlan4094 - MLAG = 'up',PASS,
41,leaf1,Interfaces,VerifyInterfacesStatus,Verifies the operational states of specified interfaces to ensure they match expected configurations.,Interface Vxlan1 = 'up',PASS,
42,leaf1,MLAG,VerifyMlagStatus,Verifies the health status of the MLAG configuration.,,PASS,
43,leaf1,Routing,VerifyRoutingProtocolModel,Verifies the configured routing protocol model.,Routing protocol model: multi-agent,PASS,
44,leaf1,Routing,VerifyRoutingTableEntry,Verifies that the provided routes are present in the routing table of a specified VRF.,Route: 10.255.0.1 - Peer: spine1,PASS,
45,leaf1,Routing,VerifyRoutingTableEntry,Verifies that the provided routes are present in the routing table of a specified VRF.,Route: 10.255.0.2 - Peer: spine2,PASS,
46,leaf1,Routing,VerifyRoutingTableEntry,Verifies that the provided routes are present in the routing table of a specified VRF.,Route: 10.255.0.3 - Peer: leaf1,PASS,
47,leaf1,Routing,VerifyRoutingTableEntry,Verifies that the provided routes are present in the routing table of a specified VRF.,Route: 10.255.0.4 - Peer: leaf2,PASS,
48,leaf1,Routing,VerifyRoutingTableEntry,Verifies that the provided routes are present in the routing table of a specified VRF.,Route: 10.255.0.5 - Peer: leaf3,PASS,
49,leaf1,Routing,VerifyRoutingTableEntry,Verifies that the provided routes are present in the routing table of a specified VRF.,Route: 10.255.0.6 - Peer: leaf4,PASS,
50,leaf1,Routing,VerifyRoutingTableEntry,Verifies that the provided routes are present in the routing table of a specified VRF.,Route: 10.255.1.3 - Peer: leaf1,PASS,
51,leaf1,Routing,VerifyRoutingTableEntry,Verifies that the provided routes are present in the routing table of a specified VRF.,Route: 10.255.1.5 - Peer: leaf3,PASS,
52,leaf1,System,VerifyReloadCause,Verifies the last reload cause of the device.,,PASS,
53,leaf2,BGP,VerifyBGPSpecificPeers,Verifies the health of specific BGP peer(s) for given address families.,BGP EVPN Peer: spine1 (IP: 10.255.0.1),PASS,
54,leaf2,BGP,VerifyBGPSpecificPeers,Verifies the health of specific BGP peer(s) for given address families.,BGP EVPN Peer: spine2 (IP: 10.255.0.2),PASS,
55,leaf2,BGP,VerifyBGPSpecificPeers,Verifies the health of specific BGP peer(s) for given address families.,BGP IPv4 Unicast Peer: leaf1 (IP: 10.255.1.96),PASS,
56,leaf2,BGP,VerifyBGPSpecificPeers,Verifies the health of specific BGP peer(s) for given address families.,BGP IPv4 Unicast Peer: spine1 (IP: 10.255.255.4),PASS,
57,leaf2,BGP,VerifyBGPSpecificPeers,Verifies the health of specific BGP peer(s) for given address families.,BGP IPv4 Unicast Peer: spine2 (IP: 10.255.255.6),PASS,
58,leaf2,Connectivity,VerifyLLDPNeighbors,Verifies the connection status of the specified LLDP (Link Layer Discovery Protocol) neighbors.,Local: Ethernet10 - Remote: spine1 Ethernet4,PASS,
59,leaf2,Connectivity,VerifyLLDPNeighbors,Verifies the connection status of the specified LLDP (Link Layer Discovery Protocol) neighbors.,Local: Ethernet11 - Remote: spine2 Ethernet4,PASS,
60,leaf2,Connectivity,VerifyLLDPNeighbors,Verifies the connection status of the specified LLDP (Link Layer Discovery Protocol) neighbors.,Local: Ethernet8 - Remote: leaf1 Ethernet8,PASS,
61,leaf2,Connectivity,VerifyLLDPNeighbors,Verifies the connection status of the specified LLDP (Link Layer Discovery Protocol) neighbors.,Local: Ethernet9 - Remote: leaf1 Ethernet9,PASS,
62,leaf2,Connectivity,VerifyReachability,Test network reachability to one or many destination IP(s).,Source: Loopback0 (IP: 10.255.0.4) - Destination: leaf1 Loopback0 (IP: 10.255.0.3),PASS,
63,leaf2,Connectivity,VerifyReachability,Test network reachability to one or many destination IP(s).,Source: Loopback0 (IP: 10.255.0.4) - Destination: leaf2 Loopback0 (IP: 10.255.0.4),PASS,
64,leaf2,Connectivity,VerifyReachability,Test network reachability to one or many destination IP(s).,Source: Loopback0 (IP: 10.255.0.4) - Destination: leaf3 Loopback0 (IP: 10.255.0.5),PASS,
65,leaf2,Connectivity,VerifyReachability,Test network reachability to one or many destination IP(s).,Source: Loopback0 (IP: 10.255.0.4) - Destination: leaf4 Loopback0 (IP: 10.255.0.6),PASS,
66,leaf2,Connectivity,VerifyReachability,Test network reachability to one or many destination IP(s).,Source: Loopback0 (IP: 10.255.0.4) - Destination: spine1 Loopback0 (IP: 10.255.0.1),PASS,
67,leaf2,Connectivity,VerifyReachability,Test network reachability to one or many destination IP(s).,Source: Loopback0 (IP: 10.255.0.4) - Destination: spine2 Loopback0 (IP: 10.255.0.2),PASS,
68,leaf2,Connectivity,VerifyReachability,Test network reachability to one or many destination IP(s).,Source: P2P Interface Ethernet10 (IP: 10.255.255.5) - Destination: spine1 Ethernet4 (IP: 10.255.255.4),PASS,
69,leaf2,Connectivity,VerifyReachability,Test network reachability to one or many destination IP(s).,Source: P2P Interface Ethernet11 (IP: 10.255.255.7) - Destination: spine2 Ethernet4 (IP: 10.255.255.6),PASS,
70,leaf2,Hardware,VerifyEnvironmentCooling,Verifies the status of power supply fans and all fan trays.,Accepted States: 'ok',SKIPPED,VerifyEnvironmentCooling test is not supported on cEOSLab
71,leaf2,Hardware,VerifyEnvironmentPower,Verifies the power supplies state and input voltage.,Accepted States: 'ok',SKIPPED,VerifyEnvironmentPower test is not supported on cEOSLab
72,leaf2,Hardware,VerifyTemperature,Verifies if the device temperature is within acceptable limits.,,SKIPPED,VerifyTemperature test is not supported on cEOSLab
73,leaf2,Hardware,VerifyTransceiversManufacturers,Verifies if all the transceivers come from approved manufacturers.,"Accepted Manufacturers: 'Arista Networks', 'Arastra, Inc.', 'Not Present'",SKIPPED,VerifyTransceiversManufacturers test is not supported on cEOSLab
74,leaf2,Interfaces,VerifyInterfacesStatus,Verifies the operational states of specified interfaces to ensure they match expected configurations.,Interface Ethernet10 - P2P_spine1_Ethernet4 = 'up',PASS,
75,leaf2,Interfaces,VerifyInterfacesStatus,Verifies the operational states of specified interfaces to ensure they match expected configurations.,Interface Ethernet11 - P2P_spine2_Ethernet4 = 'up',PASS,
76,leaf2,Interfaces,VerifyInterfacesStatus,Verifies the operational states of specified interfaces to ensure they match expected configurations.,Interface Ethernet2 - SERVER_leaf1-2-server1_PCI2 = 'up',PASS,
77,leaf2,Interfaces,VerifyInterfacesStatus,Verifies the operational states of specified interfaces to ensure they match expected configurations.,Interface Ethernet8 - MLAG_leaf1_Ethernet8 = 'up',PASS,
78,leaf2,Interfaces,VerifyInterfacesStatus,Verifies the operational states of specified interfaces to ensure they match expected configurations.,Interface Ethernet9 - MLAG_leaf1_Ethernet9 = 'up',PASS,
79,leaf2,Interfaces,VerifyInterfacesStatus,Verifies the operational states of specified interfaces to ensure they match expected configurations.,Interface Loopback0 - ROUTER_ID = 'up',PASS,
80,leaf2,Interfaces,VerifyInterfacesStatus,Verifies the operational states of specified interfaces to ensure they match expected configurations.,Interface Loopback1 - VXLAN_TUNNEL_SOURCE = 'up',PASS,
81,leaf2,Interfaces,VerifyInterfacesStatus,Verifies the operational states of specified interfaces to ensure they match expected configurations.,Interface Loopback10 - DIAG_VRF_VRF10 = 'up',PASS,
82,leaf2,Interfaces,VerifyInterfacesStatus,Verifies the operational states of specified interfaces to ensure they match expected configurations.,Interface Loopback11 - DIAG_VRF_VRF11 = 'up',PASS,
83,leaf2,Interfaces,VerifyInterfacesStatus,Verifies the operational states of specified interfaces to ensure they match expected configurations.,Interface Port-Channel2 - SERVER_leaf1-2-server1_Bond1 = 'up',PASS,
84,leaf2,Interfaces,VerifyInterfacesStatus,Verifies the operational states of specified interfaces to ensure they match expected configurations.,Interface Port-Channel8 - MLAG_leaf1_Port-Channel8 = 'up',PASS,
85,leaf2,Interfaces,VerifyInterfacesStatus,Verifies the operational states of specified interfaces to ensure they match expected configurations.,Interface Vlan11 - VRF10_VLAN11 = 'up',PASS,
86,leaf2,Interfaces,VerifyInterfacesStatus,Verifies the operational states of specified interfaces to ensure they match expected configurations.,Interface Vlan12 - VRF10_VLAN12 = 'up',PASS,
87,leaf2,Interfaces,VerifyInterfacesStatus,Verifies the operational states of specified interfaces to ensure they match expected configurations.,Interface Vlan21 - VRF11_VLAN21 = 'up',PASS,
88,leaf2,Interfaces,VerifyInterfacesStatus,Verifies the operational states of specified interfaces to ensure they match expected configurations.,Interface Vlan22 - VRF11_VLAN22 = 'up',PASS,
89,leaf2,Interfaces,VerifyInterfacesStatus,Verifies the operational states of specified interfaces to ensure they match expected configurations.,Interface Vlan3009 - MLAG_L3_VRF_VRF10 = 'up',PASS,
90,leaf2,Interfaces,VerifyInterfacesStatus,Verifies the operational states of specified interfaces to ensure they match expected configurations.,Interface Vlan3010 - MLAG_L3_VRF_VRF11 = 'up',PASS,
91,leaf2,Interfaces,VerifyInterfacesStatus,Verifies the operational states of specified interfaces to ensure they match expected configurations.,Interface Vlan4093 - MLAG_L3 = 'up',PASS,
92,leaf2,Interfaces,VerifyInterfacesStatus,Verifies the operational states of specified interfaces to ensure they match expected configurations.,Interface Vlan4094 - MLAG = 'up',PASS,
93,leaf2,Interfaces,VerifyInterfacesStatus,Verifies the operational states of specified interfaces to ensure they match expected configurations.,Interface Vxlan1 = 'up',PASS,
94,leaf2,MLAG,VerifyMlagStatus,Verifies the health status of the MLAG configuration.,,PASS,
95,leaf2,Routing,VerifyRoutingProtocolModel,Verifies the configured routing protocol model.,Routing protocol model: multi-agent,PASS,
96,leaf2,Routing,VerifyRoutingTableEntry,Verifies that the provided routes are present in the routing table of a specified VRF.,Route: 10.255.0.1 - Peer: spine1,PASS,
97,leaf2,Routing,VerifyRoutingTableEntry,Verifies that the provided routes are present in the routing table of a specified VRF.,Route: 10.255.0.2 - Peer: spine2,PASS,
98,leaf2,Routing,VerifyRoutingTableEntry,Verifies that the provided routes are present in the routing table of a specified VRF.,Route: 10.255.0.3 - Peer: leaf1,PASS,
99,leaf2,Routing,VerifyRoutingTableEntry,Verifies that the provided routes are present in the routing table of a specified VRF.,Route: 10.255.0.4 - Peer: leaf2,PASS,
100,leaf2,Routing,VerifyRoutingTableEntry,Verifies that the provided routes are present in the routing table of a specified VRF.,Route: 10.255.0.5 - Peer: leaf3,PASS,
101,leaf2,Routing,VerifyRoutingTableEntry,Verifies that the provided routes are present in the routing table of a specified VRF.,Route: 10.255.0.6 - Peer: leaf4,PASS,
102,leaf2,Routing,VerifyRoutingTableEntry,Verifies that the provided routes are present in the routing table of a specified VRF.,Route: 10.255.1.3 - Peer: leaf1,PASS,
103,leaf2,Routing,VerifyRoutingTableEntry,Verifies that the provided routes are present in the routing table of a specified VRF.,Route: 10.255.1.5 - Peer: leaf3,PASS,
104,leaf2,System,VerifyReloadCause,Verifies the last reload cause of the device.,,PASS,
105,leaf3,BGP,VerifyBGPSpecificPeers,Verifies the health of specific BGP peer(s) for given address families.,BGP EVPN Peer: spine1 (IP: 10.255.0.1),PASS,
106,leaf3,BGP,VerifyBGPSpecificPeers,Verifies the health of specific BGP peer(s) for given address families.,BGP EVPN Peer: spine2 (IP: 10.255.0.2),PASS,
107,leaf3,BGP,VerifyBGPSpecificPeers,Verifies the health of specific BGP peer(s) for given address families.,BGP IPv4 Unicast Peer: leaf4 (IP: 10.255.1.101),PASS,
108,leaf3,BGP,VerifyBGPSpecificPeers,Verifies the health of specific BGP peer(s) for given address families.,BGP IPv4 Unicast Peer: spine1 (IP: 10.255.255.8),PASS,
109,leaf3,BGP,VerifyBGPSpecificPeers,Verifies the health of specific BGP peer(s) for given address families.,BGP IPv4 Unicast Peer: spine2 (IP: 10.255.255.10),PASS,
110,leaf3,Connectivity,VerifyLLDPNeighbors,Verifies the connection status of the specified LLDP (Link Layer Discovery Protocol) neighbors.,Local: Ethernet10 - Remote: spine1 Ethernet5,PASS,
111,leaf3,Connectivity,VerifyLLDPNeighbors,Verifies the connection status of the specified LLDP (Link Layer Discovery Protocol) neighbors.,Local: Ethernet11 - Remote: spine2 Ethernet5,PASS,
112,leaf3,Connectivity,VerifyLLDPNeighbors,Verifies the connection status of the specified LLDP (Link Layer Discovery Protocol) neighbors.,Local: Ethernet8 - Remote: leaf4 Ethernet8,PASS,
113,leaf3,Connectivity,VerifyLLDPNeighbors,Verifies the connection status of the specified LLDP (Link Layer Discovery Protocol) neighbors.,Local: Ethernet9 - Remote: leaf4 Ethernet9,PASS,
114,leaf3,Connectivity,VerifyReachability,Test network reachability to one or many destination IP(s).,Source: Loopback0 (IP: 10.255.0.5) - Destination: leaf1 Loopback0 (IP: 10.255.0.3),PASS,
115,leaf3,Connectivity,VerifyReachability,Test network reachability to one or many destination IP(s).,Source: Loopback0 (IP: 10.255.0.5) - Destination: leaf2 Loopback0 (IP: 10.255.0.4),PASS,
116,leaf3,Connectivity,VerifyReachability,Test network reachability to one or many destination IP(s).,Source: Loopback0 (IP: 10.255.0.5) - Destination: leaf3 Loopback0 (IP: 10.255.0.5),PASS,
117,leaf3,Connectivity,VerifyReachability,Test network reachability to one or many destination IP(s).,Source: Loopback0 (IP: 10.255.0.5) - Destination: leaf4 Loopback0 (IP: 10.255.0.6),PASS,
118,leaf3,Connectivity,VerifyReachability,Test network reachability to one or many destination IP(s).,Source: Loopback0 (IP: 10.255.0.5) - Destination: spine1 Loopback0 (IP: 10.255.0.1),PASS,
119,leaf3,Connectivity,VerifyReachability,Test network reachability to one or many destination IP(s).,Source: Loopback0 (IP: 10.255.0.5) - Destination: spine2 Loopback0 (IP: 10.255.0.2),PASS,
120,leaf3,Connectivity,VerifyReachability,Test network reachability to one or many destination IP(s).,Source: P2P Interface Ethernet10 (IP: 10.255.255.9) - Destination: spine1 Ethernet5 (IP: 10.255.255.8),PASS,
121,leaf3,Connectivity,VerifyReachability,Test network reachability to one or many destination IP(s).,Source: P2P Interface Ethernet11 (IP: 10.255.255.11) - Destination: spine2 Ethernet5 (IP: 10.255.255.10),PASS,
122,leaf3,Hardware,VerifyEnvironmentCooling,Verifies the status of power supply fans and all fan trays.,Accepted States: 'ok',SKIPPED,VerifyEnvironmentCooling test is not supported on cEOSLab
123,leaf3,Hardware,VerifyEnvironmentPower,Verifies the power supplies state and input voltage.,Accepted States: 'ok',SKIPPED,VerifyEnvironmentPower test is not supported on cEOSLab
124,leaf3,Hardware,VerifyTemperature,Verifies if the device temperature is within acceptable limits.,,SKIPPED,VerifyTemperature test is not supported on cEOSLab
125,leaf3,Hardware,VerifyTransceiversManufacturers,Verifies if all the transceivers come from approved manufacturers.,"Accepted Manufacturers: 'Arista Networks', 'Arastra, Inc.', 'Not Present'",SKIPPED,VerifyTransceiversManufacturers test is not supported on cEOSLab
126,leaf3,Interfaces,VerifyInterfacesStatus,Verifies the operational states of specified interfaces to ensure they match expected configurations.,Interface Ethernet10 - P2P_spine1_Ethernet5 = 'up',PASS,
127,leaf3,Interfaces,VerifyInterfacesStatus,Verifies the operational states of specified interfaces to ensure they match expected configurations.,Interface Ethernet11 - P2P_spine2_Ethernet5 = 'up',PASS,
128,leaf3,Interfaces,VerifyInterfacesStatus,Verifies the operational states of specified interfaces to ensure they match expected configurations.,Interface Ethernet2 - SERVER_leaf3-4-server1_PCI1 = 'up',PASS,
129,leaf3,Interfaces,VerifyInterfacesStatus,Verifies the operational states of specified interfaces to ensure they match expected configurations.,Interface Ethernet3 - SERVER_leaf3-4-server2_PCI1 = 'up',PASS,
130,leaf3,Interfaces,VerifyInterfacesStatus,Verifies the operational states of specified interfaces to ensure they match expected configurations.,Interface Ethernet8 - MLAG_leaf4_Ethernet8 = 'up',PASS,
131,leaf3,Interfaces,VerifyInterfacesStatus,Verifies the operational states of specified interfaces to ensure they match expected configurations.,Interface Ethernet9 - MLAG_leaf4_Ethernet9 = 'up',PASS,
132,leaf3,Interfaces,VerifyInterfacesStatus,Verifies the operational states of specified interfaces to ensure they match expected configurations.,Interface Loopback0 - ROUTER_ID = 'up',PASS,
133,leaf3,Interfaces,VerifyInterfacesStatus,Verifies the operational states of specified interfaces to ensure they match expected configurations.,Interface Loopback1 - VXLAN_TUNNEL_SOURCE = 'up',PASS,
134,leaf3,Interfaces,VerifyInterfacesStatus,Verifies the operational states of specified interfaces to ensure they match expected configurations.,Interface Loopback10 - DIAG_VRF_VRF10 = 'up',PASS,
135,leaf3,Interfaces,VerifyInterfacesStatus,Verifies the operational states of specified interfaces to ensure they match expected configurations.,Interface Loopback11 - DIAG_VRF_VRF11 = 'up',PASS,
136,leaf3,Interfaces,VerifyInterfacesStatus,Verifies the operational states of specified interfaces to ensure they match expected configurations.,Interface Port-Channel2 - SERVER_leaf3-4-server1 = 'up',PASS,
137,leaf3,Interfaces,VerifyInterfacesStatus,Verifies the operational states of specified interfaces to ensure they match expected configurations.,Interface Port-Channel3 - SERVER_leaf3-4-server2_Bond1 = 'up',PASS,
138,leaf3,Interfaces,VerifyInterfacesStatus,Verifies the operational states of specified interfaces to ensure they match expected configurations.,Interface Port-Channel8 - MLAG_leaf4_Port-Channel8 = 'up',PASS,
139,leaf3,Interfaces,VerifyInterfacesStatus,Verifies the operational states of specified interfaces to ensure they match expected configurations.,Interface Vlan11 - VRF10_VLAN11 = 'up',PASS,
140,leaf3,Interfaces,VerifyInterfacesStatus,Verifies the operational states of specified interfaces to ensure they match expected configurations.,Interface Vlan12 - VRF10_VLAN12 = 'up',PASS,
141,leaf3,Interfaces,VerifyInterfacesStatus,Verifies the operational states of specified interfaces to ensure they match expected configurations.,Interface Vlan21 - VRF11_VLAN21 = 'up',PASS,
142,leaf3,Interfaces,VerifyInterfacesStatus,Verifies the operational states of specified interfaces to ensure they match expected configurations.,Interface Vlan22 - VRF11_VLAN22 = 'up',PASS,
143,leaf3,Interfaces,VerifyInterfacesStatus,Verifies the operational states of specified interfaces to ensure they match expected configurations.,Interface Vlan3009 - MLAG_L3_VRF_VRF10 = 'up',PASS,
144,leaf3,Interfaces,VerifyInterfacesStatus,Verifies the operational states of specified interfaces to ensure they match expected configurations.,Interface Vlan3010 - MLAG_L3_VRF_VRF11 = 'up',PASS,
145,leaf3,Interfaces,VerifyInterfacesStatus,Verifies the operational states of specified interfaces to ensure they match expected configurations.,Interface Vlan4093 - MLAG_L3 = 'up',PASS,
146,leaf3,Interfaces,VerifyInterfacesStatus,Verifies the operational states of specified interfaces to ensure they match expected configurations.,Interface Vlan4094 - MLAG = 'up',PASS,
147,leaf3,Interfaces,VerifyInterfacesStatus,Verifies the operational states of specified interfaces to ensure they match expected configurations.,Interface Vxlan1 = 'up',PASS,
148,leaf3,MLAG,VerifyMlagStatus,Verifies the health status of the MLAG configuration.,,PASS,
149,leaf3,Routing,VerifyRoutingProtocolModel,Verifies the configured routing protocol model.,Routing protocol model: multi-agent,PASS,
150,leaf3,Routing,VerifyRoutingTableEntry,Verifies that the provided routes are present in the routing table of a specified VRF.,Route: 10.255.0.1 - Peer: spine1,PASS,
151,leaf3,Routing,VerifyRoutingTableEntry,Verifies that the provided routes are present in the routing table of a specified VRF.,Route: 10.255.0.2 - Peer: spine2,PASS,
152,leaf3,Routing,VerifyRoutingTableEntry,Verifies that the provided routes are present in the routing table of a specified VRF.,Route: 10.255.0.3 - Peer: leaf1,PASS,
153,leaf3,Routing,VerifyRoutingTableEntry,Verifies that the provided routes are present in the routing table of a specified VRF.,Route: 10.255.0.4 - Peer: leaf2,PASS,
154,leaf3,Routing,VerifyRoutingTableEntry,Verifies that the provided routes are present in the routing table of a specified VRF.,Route: 10.255.0.5 - Peer: leaf3,PASS,
155,leaf3,Routing,VerifyRoutingTableEntry,Verifies that the provided routes are present in the routing table of a specified VRF.,Route: 10.255.0.6 - Peer: leaf4,PASS,
156,leaf3,Routing,VerifyRoutingTableEntry,Verifies that the provided routes are present in the routing table of a specified VRF.,Route: 10.255.1.3 - Peer: leaf1,PASS,
157,leaf3,Routing,VerifyRoutingTableEntry,Verifies that the provided routes are present in the routing table of a specified VRF.,Route: 10.255.1.5 - Peer: leaf3,PASS,
158,leaf3,System,VerifyReloadCause,Verifies the last reload cause of the device.,,PASS,
159,leaf4,BGP,VerifyBGPSpecificPeers,Verifies the health of specific BGP peer(s) for given address families.,BGP EVPN Peer: spine1 (IP: 10.255.0.1),PASS,
160,leaf4,BGP,VerifyBGPSpecificPeers,Verifies the health of specific BGP peer(s) for given address families.,BGP EVPN Peer: spine2 (IP: 10.255.0.2),PASS,
161,leaf4,BGP,VerifyBGPSpecificPeers,Verifies the health of specific BGP peer(s) for given address families.,BGP IPv4 Unicast Peer: leaf3 (IP: 10.255.1.100),PASS,
162,leaf4,BGP,VerifyBGPSpecificPeers,Verifies the health of specific BGP peer(s) for given address families.,BGP IPv4 Unicast Peer: spine1 (IP: 10.255.255.12),PASS,
163,leaf4,BGP,VerifyBGPSpecificPeers,Verifies the health of specific BGP peer(s) for given address families.,BGP IPv4 Unicast Peer: spine2 (IP: 10.255.255.14),PASS,
164,leaf4,Connectivity,VerifyLLDPNeighbors,Verifies the connection status of the specified LLDP (Link Layer Discovery Protocol) neighbors.,Local: Ethernet10 - Remote: spine1 Ethernet6,PASS,
165,leaf4,Connectivity,VerifyLLDPNeighbors,Verifies the connection status of the specified LLDP (Link Layer Discovery Protocol) neighbors.,Local: Ethernet11 - Remote: spine2 Ethernet6,PASS,
166,leaf4,Connectivity,VerifyLLDPNeighbors,Verifies the connection status of the specified LLDP (Link Layer Discovery Protocol) neighbors.,Local: Ethernet8 - Remote: leaf3 Ethernet8,PASS,
167,leaf4,Connectivity,VerifyLLDPNeighbors,Verifies the connection status of the specified LLDP (Link Layer Discovery Protocol) neighbors.,Local: Ethernet9 - Remote: leaf3 Ethernet9,PASS,
168,leaf4,Connectivity,VerifyReachability,Test network reachability to one or many destination IP(s).,Source: Loopback0 (IP: 10.255.0.6) - Destination: leaf1 Loopback0 (IP: 10.255.0.3),PASS,
169,leaf4,Connectivity,VerifyReachability,Test network reachability to one or many destination IP(s).,Source: Loopback0 (IP: 10.255.0.6) - Destination: leaf2 Loopback0 (IP: 10.255.0.4),PASS,
170,leaf4,Connectivity,VerifyReachability,Test network reachability to one or many destination IP(s).,Source: Loopback0 (IP: 10.255.0.6) - Destination: leaf3 Loopback0 (IP: 10.255.0.5),PASS,
171,leaf4,Connectivity,VerifyReachability,Test network reachability to one or many destination IP(s).,Source: Loopback0 (IP: 10.255.0.6) - Destination: leaf4 Loopback0 (IP: 10.255.0.6),PASS,
172,leaf4,Connectivity,VerifyReachability,Test network reachability to one or many destination IP(s).,Source: Loopback0 (IP: 10.255.0.6) - Destination: spine1 Loopback0 (IP: 10.255.0.1),PASS,
173,leaf4,Connectivity,VerifyReachability,Test network reachability to one or many destination IP(s).,Source: Loopback0 (IP: 10.255.0.6) - Destination: spine2 Loopback0 (IP: 10.255.0.2),PASS,
174,leaf4,Connectivity,VerifyReachability,Test network reachability to one or many destination IP(s).,Source: P2P Interface Ethernet10 (IP: 10.255.255.13) - Destination: spine1 Ethernet6 (IP: 10.255.255.12),PASS,
175,leaf4,Connectivity,VerifyReachability,Test network reachability to one or many destination IP(s).,Source: P2P Interface Ethernet11 (IP: 10.255.255.15) - Destination: spine2 Ethernet6 (IP: 10.255.255.14),PASS,
176,leaf4,Hardware,VerifyEnvironmentCooling,Verifies the status of power supply fans and all fan trays.,Accepted States: 'ok',SKIPPED,VerifyEnvironmentCooling test is not supported on cEOSLab
177,leaf4,Hardware,VerifyEnvironmentPower,Verifies the power supplies state and input voltage.,Accepted States: 'ok',SKIPPED,VerifyEnvironmentPower test is not supported on cEOSLab
178,leaf4,Hardware,VerifyTemperature,Verifies if the device temperature is within acceptable limits.,,SKIPPED,VerifyTemperature test is not supported on cEOSLab
179,leaf4,Hardware,VerifyTransceiversManufacturers,Verifies if all the transceivers come from approved manufacturers.,"Accepted Manufacturers: 'Arista Networks', 'Arastra, Inc.', 'Not Present'",SKIPPED,VerifyTransceiversManufacturers test is not supported on cEOSLab
180,leaf4,Interfaces,VerifyInterfacesStatus,Verifies the operational states of specified interfaces to ensure they match expected configurations.,Interface Ethernet10 - P2P_spine1_Ethernet6 = 'up',PASS,
181,leaf4,Interfaces,VerifyInterfacesStatus,Verifies the operational states of specified interfaces to ensure they match expected configurations.,Interface Ethernet11 - P2P_spine2_Ethernet6 = 'up',PASS,
182,leaf4,Interfaces,VerifyInterfacesStatus,Verifies the operational states of specified interfaces to ensure they match expected configurations.,Interface Ethernet2 - SERVER_leaf3-4-server1_PCI2 = 'up',PASS,
183,leaf4,Interfaces,VerifyInterfacesStatus,Verifies the operational states of specified interfaces to ensure they match expected configurations.,Interface Ethernet3 - SERVER_leaf3-4-server2_PCI2 = 'up',PASS,
184,leaf4,Interfaces,VerifyInterfacesStatus,Verifies the operational states of specified interfaces to ensure they match expected configurations.,Interface Ethernet8 - MLAG_leaf3_Ethernet8 = 'up',PASS,
185,leaf4,Interfaces,VerifyInterfacesStatus,Verifies the operational states of specified interfaces to ensure they match expected configurations.,Interface Ethernet9 - MLAG_leaf3_Ethernet9 = 'up',PASS,
186,leaf4,Interfaces,VerifyInterfacesStatus,Verifies the operational states of specified interfaces to ensure they match expected configurations.,Interface Loopback0 - ROUTER_ID = 'up',PASS,
187,leaf4,Interfaces,VerifyInterfacesStatus,Verifies the operational states of specified interfaces to ensure they match expected configurations.,Interface Loopback1 - VXLAN_TUNNEL_SOURCE = 'up',PASS,
188,leaf4,Interfaces,VerifyInterfacesStatus,Verifies the operational states of specified interfaces to ensure they match expected configurations.,Interface Loopback10 - DIAG_VRF_VRF10 = 'up',PASS,
189,leaf4,Interfaces,VerifyInterfacesStatus,Verifies the operational states of specified interfaces to ensure they match expected configurations.,Interface Loopback11 - DIAG_VRF_VRF11 = 'up',PASS,
190,leaf4,Interfaces,VerifyInterfacesStatus,Verifies the operational states of specified interfaces to ensure they match expected configurations.,Interface Port-Channel2 - SERVER_leaf3-4-server1 = 'up',PASS,
191,leaf4,Interfaces,VerifyInterfacesStatus,Verifies the operational states of specified interfaces to ensure they match expected configurations.,Interface Port-Channel3 - SERVER_leaf3-4-server2_Bond1 = 'up',PASS,
192,leaf4,Interfaces,VerifyInterfacesStatus,Verifies the operational states of specified interfaces to ensure they match expected configurations.,Interface Port-Channel8 - MLAG_leaf3_Port-Channel8 = 'up',PASS,
193,leaf4,Interfaces,VerifyInterfacesStatus,Verifies the operational states of specified interfaces to ensure they match expected configurations.,Interface Vlan11 - VRF10_VLAN11 = 'up',PASS,
194,leaf4,Interfaces,VerifyInterfacesStatus,Verifies the operational states of specified interfaces to ensure they match expected configurations.,Interface Vlan12 - VRF10_VLAN12 = 'up',PASS,
195,leaf4,Interfaces,VerifyInterfacesStatus,Verifies the operational states of specified interfaces to ensure they match expected configurations.,Interface Vlan21 - VRF11_VLAN21 = 'up',PASS,
196,leaf4,Interfaces,VerifyInterfacesStatus,Verifies the operational states of specified interfaces to ensure they match expected configurations.,Interface Vlan22 - VRF11_VLAN22 = 'up',PASS,
197,leaf4,Interfaces,VerifyInterfacesStatus,Verifies the operational states of specified interfaces to ensure they match expected configurations.,Interface Vlan3009 - MLAG_L3_VRF_VRF10 = 'up',PASS,
198,leaf4,Interfaces,VerifyInterfacesStatus,Verifies the operational states of specified interfaces to ensure they match expected configurations.,Interface Vlan3010 - MLAG_L3_VRF_VRF11 = 'up',PASS,
199,leaf4,Interfaces,VerifyInterfacesStatus,Verifies the operational states of specified interfaces to ensure they match expected configurations.,Interface Vlan4093 - MLAG_L3 = 'up',PASS,
200,leaf4,Interfaces,VerifyInterfacesStatus,Verifies the operational states of specified interfaces to ensure they match expected configurations.,Interface Vlan4094 - MLAG = 'up',PASS,
201,leaf4,Interfaces,VerifyInterfacesStatus,Verifies the operational states of specified interfaces to ensure they match expected configurations.,Interface Vxlan1 = 'up',PASS,
202,leaf4,MLAG,VerifyMlagStatus,Verifies the health status of the MLAG configuration.,,PASS,
203,leaf4,Routing,VerifyRoutingProtocolModel,Verifies the configured routing protocol model.,Routing protocol model: multi-agent,PASS,
204,leaf4,Routing,VerifyRoutingTableEntry,Verifies that the provided routes are present in the routing table of a specified VRF.,Route: 10.255.0.1 - Peer: spine1,PASS,
205,leaf4,Routing,VerifyRoutingTableEntry,Verifies that the provided routes are present in the routing table of a specified VRF.,Route: 10.255.0.2 - Peer: spine2,PASS,
206,leaf4,Routing,VerifyRoutingTableEntry,Verifies that the provided routes are present in the routing table of a specified VRF.,Route: 10.255.0.3 - Peer: leaf1,PASS,
207,leaf4,Routing,VerifyRoutingTableEntry,Verifies that the provided routes are present in the routing table of a specified VRF.,Route: 10.255.0.4 - Peer: leaf2,PASS,
208,leaf4,Routing,VerifyRoutingTableEntry,Verifies that the provided routes are present in the routing table of a specified VRF.,Route: 10.255.0.5 - Peer: leaf3,PASS,
209,leaf4,Routing,VerifyRoutingTableEntry,Verifies that the provided routes are present in the routing table of a specified VRF.,Route: 10.255.0.6 - Peer: leaf4,PASS,
210,leaf4,Routing,VerifyRoutingTableEntry,Verifies that the provided routes are present in the routing table of a specified VRF.,Route: 10.255.1.3 - Peer: leaf1,PASS,
211,leaf4,Routing,VerifyRoutingTableEntry,Verifies that the provided routes are present in the routing table of a specified VRF.,Route: 10.255.1.5 - Peer: leaf3,PASS,
212,leaf4,System,VerifyReloadCause,Verifies the last reload cause of the device.,,PASS,
213,spine1,BGP,VerifyBGPSpecificPeers,Verifies the health of specific BGP peer(s) for given address families.,BGP EVPN Peer: leaf1 (IP: 10.255.0.3),PASS,
214,spine1,BGP,VerifyBGPSpecificPeers,Verifies the health of specific BGP peer(s) for given address families.,BGP EVPN Peer: leaf2 (IP: 10.255.0.4),PASS,
215,spine1,BGP,VerifyBGPSpecificPeers,Verifies the health of specific BGP peer(s) for given address families.,BGP EVPN Peer: leaf3 (IP: 10.255.0.5),PASS,
216,spine1,BGP,VerifyBGPSpecificPeers,Verifies the health of specific BGP peer(s) for given address families.,BGP EVPN Peer: leaf4 (IP: 10.255.0.6),PASS,
217,spine1,BGP,VerifyBGPSpecificPeers,Verifies the health of specific BGP peer(s) for given address families.,BGP IPv4 Unicast Peer: leaf1 (IP: 10.255.255.1),PASS,
218,spine1,BGP,VerifyBGPSpecificPeers,Verifies the health of specific BGP peer(s) for given address families.,BGP IPv4 Unicast Peer: leaf2 (IP: 10.255.255.5),PASS,
219,spine1,BGP,VerifyBGPSpecificPeers,Verifies the health of specific BGP peer(s) for given address families.,BGP IPv4 Unicast Peer: leaf3 (IP: 10.255.255.9),PASS,
220,spine1,BGP,VerifyBGPSpecificPeers,Verifies the health of specific BGP peer(s) for given address families.,BGP IPv4 Unicast Peer: leaf4 (IP: 10.255.255.13),PASS,
221,spine1,Connectivity,VerifyLLDPNeighbors,Verifies the connection status of the specified LLDP (Link Layer Discovery Protocol) neighbors.,Local: Ethernet3 - Remote: leaf1 Ethernet10,PASS,
222,spine1,Connectivity,VerifyLLDPNeighbors,Verifies the connection status of the specified LLDP (Link Layer Discovery Protocol) neighbors.,Local: Ethernet4 - Remote: leaf2 Ethernet10,PASS,
223,spine1,Connectivity,VerifyLLDPNeighbors,Verifies the connection status of the specified LLDP (Link Layer Discovery Protocol) neighbors.,Local: Ethernet5 - Remote: leaf3 Ethernet10,PASS,
224,spine1,Connectivity,VerifyLLDPNeighbors,Verifies the connection status of the specified LLDP (Link Layer Discovery Protocol) neighbors.,Local: Ethernet6 - Remote: leaf4 Ethernet10,PASS,
225,spine1,Connectivity,VerifyReachability,Test network reachability to one or many destination IP(s).,Source: P2P Interface Ethernet3 (IP: 10.255.255.0) - Destination: leaf1 Ethernet10 (IP: 10.255.255.1),PASS,
226,spine1,Connectivity,VerifyReachability,Test network reachability to one or many destination IP(s).,Source: P2P Interface Ethernet4 (IP: 10.255.255.4) - Destination: leaf2 Ethernet10 (IP: 10.255.255.5),PASS,
227,spine1,Connectivity,VerifyReachability,Test network reachability to one or many destination IP(s).,Source: P2P Interface Ethernet5 (IP: 10.255.255.8) - Destination: leaf3 Ethernet10 (IP: 10.255.255.9),PASS,
228,spine1,Connectivity,VerifyReachability,Test network reachability to one or many destination IP(s).,Source: P2P Interface Ethernet6 (IP: 10.255.255.12) - Destination: leaf4 Ethernet10 (IP: 10.255.255.13),PASS,
229,spine1,Hardware,VerifyEnvironmentCooling,Verifies the status of power supply fans and all fan trays.,Accepted States: 'ok',SKIPPED,VerifyEnvironmentCooling test is not supported on cEOSLab
230,spine1,Hardware,VerifyEnvironmentPower,Verifies the power supplies state and input voltage.,Accepted States: 'ok',SKIPPED,VerifyEnvironmentPower test is not supported on cEOSLab
231,spine1,Hardware,VerifyTemperature,Verifies if the device temperature is within acceptable limits.,,SKIPPED,VerifyTemperature test is not supported on cEOSLab
232,spine1,Hardware,VerifyTransceiversManufacturers,Verifies if all the transceivers come from approved manufacturers.,"Accepted Manufacturers: 'Arista Networks', 'Arastra, Inc.', 'Not Present'",SKIPPED,VerifyTransceiversManufacturers test is not supported on cEOSLab
233,spine1,Interfaces,VerifyInterfacesStatus,Verifies the operational states of specified interfaces to ensure they match expected configurations.,Interface Ethernet3 - P2P_leaf1_Ethernet10 = 'up',PASS,
234,spine1,Interfaces,VerifyInterfacesStatus,Verifies the operational states of specified interfaces to ensure they match expected configurations.,Interface Ethernet4 - P2P_leaf2_Ethernet10 = 'up',PASS,
235,spine1,Interfaces,VerifyInterfacesStatus,Verifies the operational states of specified interfaces to ensure they match expected configurations.,Interface Ethernet5 - P2P_leaf3_Ethernet10 = 'up',PASS,
236,spine1,Interfaces,VerifyInterfacesStatus,Verifies the operational states of specified interfaces to ensure they match expected configurations.,Interface Ethernet6 - P2P_leaf4_Ethernet10 = 'up',PASS,
237,spine1,Interfaces,VerifyInterfacesStatus,Verifies the operational states of specified interfaces to ensure they match expected configurations.,Interface Loopback0 - ROUTER_ID = 'up',PASS,
238,spine1,Routing,VerifyRoutingProtocolModel,Verifies the configured routing protocol model.,Routing protocol model: multi-agent,PASS,
239,spine1,System,VerifyReloadCause,Verifies the last reload cause of the device.,,PASS,
240,spine2,BGP,VerifyBGPSpecificPeers,Verifies the health of specific BGP peer(s) for given address families.,BGP EVPN Peer: leaf1 (IP: 10.255.0.3),PASS,
241,spine2,BGP,VerifyBGPSpecificPeers,Verifies the health of specific BGP peer(s) for given address families.,BGP EVPN Peer: leaf2 (IP: 10.255.0.4),PASS,
242,spine2,BGP,VerifyBGPSpecificPeers,Verifies the health of specific BGP peer(s) for given address families.,BGP EVPN Peer: leaf3 (IP: 10.255.0.5),PASS,
243,spine2,BGP,VerifyBGPSpecificPeers,Verifies the health of specific BGP peer(s) for given address families.,BGP EVPN Peer: leaf4 (IP: 10.255.0.6),PASS,
244,spine2,BGP,VerifyBGPSpecificPeers,Verifies the health of specific BGP peer(s) for given address families.,BGP IPv4 Unicast Peer: leaf1 (IP: 10.255.255.3),PASS,
245,spine2,BGP,VerifyBGPSpecificPeers,Verifies the health of specific BGP peer(s) for given address families.,BGP IPv4 Unicast Peer: leaf2 (IP: 10.255.255.7),PASS,
246,spine2,BGP,VerifyBGPSpecificPeers,Verifies the health of specific BGP peer(s) for given address families.,BGP IPv4 Unicast Peer: leaf3 (IP: 10.255.255.11),PASS,
247,spine2,BGP,VerifyBGPSpecificPeers,Verifies the health of specific BGP peer(s) for given address families.,BGP IPv4 Unicast Peer: leaf4 (IP: 10.255.255.15),PASS,
248,spine2,Connectivity,VerifyLLDPNeighbors,Verifies the connection status of the specified LLDP (Link Layer Discovery Protocol) neighbors.,Local: Ethernet3 - Remote: leaf1 Ethernet11,PASS,
249,spine2,Connectivity,VerifyLLDPNeighbors,Verifies the connection status of the specified LLDP (Link Layer Discovery Protocol) neighbors.,Local: Ethernet4 - Remote: leaf2 Ethernet11,PASS,
250,spine2,Connectivity,VerifyLLDPNeighbors,Verifies the connection status of the specified LLDP (Link Layer Discovery Protocol) neighbors.,Local: Ethernet5 - Remote: leaf3 Ethernet11,PASS,
251,spine2,Connectivity,VerifyLLDPNeighbors,Verifies the connection status of the specified LLDP (Link Layer Discovery Protocol) neighbors.,Local: Ethernet6 - Remote: leaf4 Ethernet11,PASS,
252,spine2,Connectivity,VerifyReachability,Test network reachability to one or many destination IP(s).,Source: P2P Interface Ethernet3 (IP: 10.255.255.2) - Destination: leaf1 Ethernet11 (IP: 10.255.255.3),PASS,
253,spine2,Connectivity,VerifyReachability,Test network reachability to one or many destination IP(s).,Source: P2P Interface Ethernet4 (IP: 10.255.255.6) - Destination: leaf2 Ethernet11 (IP: 10.255.255.7),PASS,
254,spine2,Connectivity,VerifyReachability,Test network reachability to one or many destination IP(s).,Source: P2P Interface Ethernet5 (IP: 10.255.255.10) - Destination: leaf3 Ethernet11 (IP: 10.255.255.11),PASS,
255,spine2,Connectivity,VerifyReachability,Test network reachability to one or many destination IP(s).,Source: P2P Interface Ethernet6 (IP: 10.255.255.14) - Destination: leaf4 Ethernet11 (IP: 10.255.255.15),PASS,
256,spine2,Hardware,VerifyEnvironmentCooling,Verifies the status of power supply fans and all fan trays.,Accepted States: 'ok',SKIPPED,VerifyEnvironmentCooling test is not supported on cEOSLab
257,spine2,Hardware,VerifyEnvironmentPower,Verifies the power supplies state and input voltage.,Accepted States: 'ok',SKIPPED,VerifyEnvironmentPower test is not supported on cEOSLab
258,spine2,Hardware,VerifyTemperature,Verifies if the device temperature is within acceptable limits.,,SKIPPED,VerifyTemperature test is not supported on cEOSLab
259,spine2,Hardware,VerifyTransceiversManufacturers,Verifies if all the transceivers come from approved manufacturers.,"Accepted Manufacturers: 'Arista Networks', 'Arastra, Inc.', 'Not Present'",SKIPPED,VerifyTransceiversManufacturers test is not supported on cEOSLab
260,spine2,Interfaces,VerifyInterfacesStatus,Verifies the operational states of specified interfaces to ensure they match expected configurations.,Interface Ethernet3 - P2P_leaf1_Ethernet11 = 'up',PASS,
261,spine2,Interfaces,VerifyInterfacesStatus,Verifies the operational states of specified interfaces to ensure they match expected configurations.,Interface Ethernet4 - P2P_leaf2_Ethernet11 = 'up',PASS,
262,spine2,Interfaces,VerifyInterfacesStatus,Verifies the operational states of specified interfaces to ensure they match expected configurations.,Interface Ethernet5 - P2P_leaf3_Ethernet11 = 'up',PASS,
263,spine2,Interfaces,VerifyInterfacesStatus,Verifies the operational states of specified interfaces to ensure they match expected configurations.,Interface Ethernet6 - P2P_leaf4_Ethernet11 = 'up',PASS,
264,spine2,Interfaces,VerifyInterfacesStatus,Verifies the operational states of specified interfaces to ensure they match expected configurations.,Interface Loopback0 - ROUTER_ID = 'up',PASS,
265,spine2,Routing,VerifyRoutingProtocolModel,Verifies the configured routing protocol model.,Routing protocol model: multi-agent,PASS,
266,spine2,System,VerifyReloadCause,Verifies the last reload cause of the device.,,PASS,
